title,o_price,s_price,discount_rate
{니트모아} 전체균일가 니트가디건/프리미엄세일,28900,8900,69.2%
[닥터아토] 기능성 세제.유연제 총 5.8L+로션.워시 증정,32900,9900,69.91%
체리온 봄신상 박스 롱티셔츠/라운드/맨투맨/후드,32900,9900,69.91%
TV홈쇼핑 로벤탈 불칸코팅 후라이팬 1+1+1 균일가,59900,18900,68.45%
[실리쿡] 정리의여왕세트/음식정리세트/이 가격 실화냐/균일가,25300,8900,64.82%
[라크로스] 강경준의 겨울 패딩조끼/패딩점퍼/남녀공용/빅사이즈,44900,13900,69.04%
[에꼴리에] 에꼴리에/행텐)봄/점퍼/티/팬츠/데님,19000,5900,68.95%
[투쿨포스쿨] (7종킷증정)바이로댕/쉐딩/블러셔/허쉬브라운/브러쉬,20000,10000,50.0%
[아우라] 아우라 고농축 퍼퓸 섬유유연제 1L 3개+사은품/샤프란,25000,10900,56.4%
이랜드로엠/투미/더데이 니트/가디건/자켓/코트,36300,10900,69.97%
